ID,Tag,Group
ERR9830179,0,ERR9830179
ERR9830181,0,ERR9830181
ERR9830184,0,ERR9830184
ERR9830187,0,ERR9830187
ERR9830191,0,ERR9830191
ERR9830193,0,ERR9830193
ERR9830198,0,ERR9830198
ERR9830200,0,ERR9830200
ERR9830201,0,ERR9830201
ERR9830202,0,ERR9830202
ERR9830203,0,ERR9830203
ERR9830210,0,ERR9830210
ERR9830218,0,ERR9830218
ERR9830224,0,ERR9830224
ERR9830225,0,ERR9830225
ERR9830294,1,ERR9830294
ERR9830303,1,ERR9830303
ERR9830305,1,ERR9830305
ERR9830309,1,ERR9830309
ERR9830311,1,ERR9830311
ERR9830321,1,ERR9830321
ERR9830324,1,ERR9830324
ERR9830329,1,ERR9830329
ERR9830331,1,ERR9830331
ERR9830333,1,ERR9830333
ERR9830337,1,ERR9830337
ERR9830343,1,ERR9830343
ERR9830353,1,ERR9830353
ERR9830356,1,ERR9830356
ERR9830182,0,ERR9830182
ERR9830185,0,ERR9830185
ERR9830186,0,ERR9830186
ERR9830188,0,ERR9830188
ERR9830189,0,ERR9830189
ERR9830192,0,ERR9830192
ERR9830194,0,ERR9830194
ERR9830196,0,ERR9830196
ERR9830197,0,ERR9830197
ERR9830204,0,ERR9830204
ERR9830205,0,ERR9830205
ERR9830206,0,ERR9830206
ERR9830207,0,ERR9830207
ERR9830208,0,ERR9830208
ERR9830209,0,ERR9830209
ERR9830211,0,ERR9830211
ERR9830212,0,ERR9830212
ERR9830213,0,ERR9830213
ERR9830214,0,ERR9830214
ERR9830215,0,ERR9830215
ERR9830216,0,ERR9830216
ERR9830219,0,ERR9830219
ERR9830221,0,ERR9830221
ERR9830222,0,ERR9830222
ERR9830223,0,ERR9830223
ERR9830226,0,ERR9830226
ERR9830227,0,ERR9830227
ERR9830295,1,ERR9830295
ERR9830296,1,ERR9830296
ERR9830300,1,ERR9830300
ERR9830301,1,ERR9830301
ERR9830307,1,ERR9830307
ERR9830308,1,ERR9830308
ERR9830310,1,ERR9830310
ERR9830314,1,ERR9830314
ERR9830315,1,ERR9830315
ERR9830317,1,ERR9830317
ERR9830319,1,ERR9830319
ERR9830323,1,ERR9830323
ERR9830325,1,ERR9830325
ERR9830327,1,ERR9830327
ERR9830339,1,ERR9830339
ERR9830341,1,ERR9830341
ERR9830345,1,ERR9830345
ERR9830347,1,ERR9830347
ERR9830349,1,ERR9830349
ERR9830351,1,ERR9830351
ERR9830352,1,ERR9830352
ERR9830355,1,ERR9830355
ERR9830357,1,ERR9830357
ERR9830358,1,ERR9830358
ERR9830360,1,ERR9830360
ERR9830361,1,ERR9830361
ERR9830363,1,ERR9830363
ERR9830367,1,ERR9830367
